URL,Page Type,Title Tag,Meta Description,Primary Keywords,Secondary Keywords,Potential Cannibalization Risk,Internal Links To
/,Homepage,"Roofing Company Jacksonville FL | Jacksonville Roofing Contractor | Gimo's Roofing","Looking for the best roofing company in Jacksonville FL? Gimo's Roofing provides expert residential roofing services, roof repair, replacement & installation.","roofing company jacksonville fl, jacksonville roofing contractor","residential roofing services, roof repair, roof replacement, roof installation",Low - Main brand page (Jacksonville page consolidated here),N/A
/services,Services Index,"Roofing & Siding Services Jacksonville FL | Gimo's Roofing","Professional roofing and siding services in Jacksonville FL. Roof installation, replacement, repair, commercial roofing, and siding services.","roofing services jacksonville fl, siding services jacksonville fl","roof installation, roof replacement, roof repair, commercial roofing",Low - Services hub page,N/A
/services/roof-replacement,Service Page,"Roof Replacement Jacksonville FL | New Roof Installation | Reroofing Services | Gimo's Roofing","Need roof replacement in Jacksonville FL? Get accurate roofing estimates for new roof installation, asphalt shingle replacement & reroofing services. Jacksonville roof replacement cost starts at $7,900.","roof replacement jacksonville fl, new roof installation, standing seam metal roofing contractor","roofing estimates, asphalt shingle replacement, roof replacement cost, metal roofing",Low - Distinct service type,N/A
/services/roof-repair,Service Page,"Roof Repair Jacksonville FL | Emergency Roofers | Leaky Roof Repair | Gimo's Roofing","Need roof repair in Jacksonville FL? Gimo's Roofing offers fast leaky roof repair, emergency roofing services, shingle repair near me, roof leak detection & storm damage repair.","roof repair jacksonville fl, emergency roofers, leaky roof repair","shingle repair near me, roof leak detection, storm damage repair",Low - Distinct service type,N/A
/services/commercial-roofing,Service Page,"Commercial Roofing Jacksonville FL | Business Roofing Services | Gimo's Roofing","Professional commercial roofing in Jacksonville FL. TPO, EPDM, metal & modified bitumen roofing for businesses.","commercial roofing jacksonville fl, tpo roofing contractor, multi family roofing contractor","TPO roofing, EPDM roofing, metal roofing, flat roof, business roofing",Low - Distinct service type with new KD 0-6 keywords,N/A
/services/new-construction-roofing,Service Page,"New Construction Roofing Jacksonville FL | New Home Roof Installation | Gimo's Roofing","New construction roofing services in Jacksonville FL. Expert roof installation for new home builds, working with builders & contractors.","new construction roofing jacksonville fl, new home roof installation","roof installation, builders, contractors, asphalt roofing, metal roofing, tile roofing",Low - Distinct service type,N/A
/services/siding-installation,Service Page,"Siding Installation Jacksonville FL | Vinyl Siding Contractors | Hardie Board Installation | Gimo's Roofing","Professional siding installation in Jacksonville FL. Vinyl siding contractors, Hardie board installation, house siding replacement & exterior home remodeling.","siding installation jacksonville fl, vinyl siding contractors, hardie board installation","house siding replacement, exterior home remodeling",Low - Siding is distinct from roofing,N/A
/services/siding-repair,Service Page,"Siding Repair Jacksonville FL | Siding Repair Near Me | Vinyl Siding Repair | Gimo's Roofing","Expert siding repair near you in Jacksonville FL. Vinyl siding repair, storm damage repair, section replacement & exterior home repair.","siding repair jacksonville fl, siding repair near me, vinyl siding repair","storm damage repair, exterior home repair",Low - Siding is distinct from roofing,N/A
/about,About Page,"About Gimo's Roofing | Jacksonville FL Roofing Contractor","Learn about Gimo's Roofing - Jacksonville's trusted roofing contractor. Discover our commitment to quality, customer service, and community.","jacksonville fl roofing contractor, about gimo's roofing","trusted roofing contractor, quality, customer service",Low - Brand/informational page,N/A
/contact,Contact Page,"Contact Gimo's Roofing | Get a Free Estimate | Jacksonville FL","Contact Gimo's Roofing for a free roofing estimate in Jacksonville FL. Call (904) 606-5313 or use our online estimator.","contact gimo's roofing, free roofing estimate jacksonville fl","roofing estimate, free estimate",Low - Transactional page,N/A
/gallery,Gallery Page,"Project Gallery | Roofing & Siding Work | Gimo's Roofing Jacksonville","View our completed roofing and siding projects in Jacksonville FL. See the quality craftsmanship that makes Gimo's Roofing Jacksonville's trusted contractor.","roofing projects jacksonville, siding work jacksonville","project gallery, completed projects",Low - Portfolio page,N/A
/service-areas,Service Areas Hub,"Service Areas | Roofing Company Jacksonville FL & Northeast Florida | Gimo's Roofing","Gimo's Roofing serves Jacksonville, Ponte Vedra, St. Augustine, Orange Park, Fernandina Beach & all of Northeast Florida.","roofing company northeast florida, service areas","jacksonville, ponte vedra, st augustine, orange park, fernandina beach",Low - Hub page for locations,N/A
/blog,Blog Index,"Roofing Blog | Tips & Guides | Gimo's Roofing Jacksonville FL","Expert roofing tips, maintenance guides, and industry news from Jacksonville's trusted roofing contractor.","roofing blog, roofing tips, roofing guides","roof maintenance, roofing advice",Low - Content hub,N/A
/blog/how-to-check-florida-roofing-license,Blog Post,"Checking Florida Roofing Licenses: A Jacksonville Homeowner's Guide","Don't get stuck with a bad roof or a lawsuit. Here's exactly how to check a Florida roofing contractor's license and insurance in under 5 minutes.","roofing contractor license florida, florida roofing contractor, roofing contractor requirements","how to verify roofing license, DBPR license check, florida contractor verification",Low - Informational content,/about
/blog/roofing-financing-options-jacksonville,Blog Post,"Roofing Contractors with Financing in Jacksonville | New Roof Options","A leaky roof doesn't wait for payday. See which roofing contractors that offer financing are right for you and how to get a new roof with monthly payments.","roofing contractors that offer financing, what roofing companies offer financing, new roof financing","roof payment plans, roofing loans, enerbank roofing",Low - Informational content,/services/roof-replacement
/blog/questions-to-ask-roofing-contractor,Blog Post,"Questions to Ask a Roofing Contractor | Hiring Tips for 2025","Don't hire a roofer based on price alone. Use these critical questions to ask a roofing contractor to make sure your home is in the right hands.","questions to ask roofing contractor, how to choose the right roofing contractor, how to hire a roofing contractor, how to choose a good commercial roofing contractor","roofing estimate questions, contractor vetting, roofing warranties",Low - Informational content (KD 0 commercial keyword added),"/services/commercial-roofing, /services/roof-replacement"
/blog/flat-roof-repair-jacksonville,Blog Post,"Jacksonville Flat Roofing Contractor | Repair & Installation Guide","Flat roofs are tricky. Find out why you need a specialized flat roofing contractor for your Florida home and the best materials to use.","flat roofing contractor, what does a roofing contractor do, tile roofing contractor","TPO roofing, EPDM roofing, flat roof repair, modified bitumen",Low - Informational content (supports commercial-roofing page),/services/commercial-roofing
/blog/when-roof-needs-replacement,Blog Post,"Signs You Need a New Roof | Jacksonville FL Roofing Guide","Learn the key signs that indicate it's time for a new roof, from missing shingles to water damage and age-related wear.","when to replace roof, signs roof needs replacement, roof replacement signs","missing shingles, roof age, sagging roof, granules in gutters",Low - Informational content (supports roof-replacement page),N/A
/blog/benefits-metal-roofing-florida,Blog Post,"Metal Roofing Benefits Florida | Jacksonville Roofing Guide","Discover why more Jacksonville homeowners are choosing metal roofing for its durability, energy efficiency, and hurricane resistance.","metal roofing florida, metal roof benefits, hurricane resistant roofing","metal roof lifespan, energy efficient roofing, metal vs shingle",Low - Informational content,/services/roof-replacement
/blog/tile-roofing-contractor-jacksonville,Blog Post,"Tile Roofing Contractor Jacksonville FL | San Marco & St. Augustine Specialists","San Marco and St. Augustine homes weren't built for shingles. Learn why you need a specialist tile roofing contractor for Mediterranean-style homes.","tile roofing contractor, clay roofing, concrete tile roofing","san marco roofing, st augustine roofing, mediterranean home roofing",Low - NEW KD 0 keyword target,/services/roof-replacement
/blog/storm-damage-roofing-insurance,Blog Post,"Storm Damage Roofing Contractor Insurance Guide | Jacksonville FL","What your adjuster isn't telling you about wind damage. A guide by a top-rated storm damage roofing contractor.","storm damage roofing contractor insurance, top-rated storm damage roofing contractor","insurance claims, roof damage, hurricane damage, adjuster",Low - NEW KD 0 keyword targets,"/services/roof-repair, /blog/how-to-check-florida-roofing-license"
/roofing-atlantic-beach-fl,Location Page,"Coastal Roofing Company Atlantic Beach FL | Salt-Resistant Roof Repair | Gimo's","Coastal roofing experts in Atlantic Beach FL. Salt-resistant materials, hurricane-rated installation.","roofing company atlantic beach fl, coastal roofing atlantic beach, salt-resistant roof repair","hurricane-rated roofing, oceanfront roofing",Low - Distinct location,N/A
/roofing-ponte-vedra-beach-fl,Location Page,"Roofing Company Ponte Vedra Beach FL | Premium Roof Repair & Replacement | Gimo's","Premium roofing services in Ponte Vedra Beach FL. Serving Sawgrass, Marsh Landing & oceanfront estates.","roofing company ponte vedra beach fl, premium roofing ponte vedra","sawgrass roofing, marsh landing roofing, oceanfront roofing",Low - Distinct location,N/A
/roofing-jacksonville-beach-fl,Location Page,"Roofing Company Jacksonville Beach FL | Beach Home Roof Repair & Replacement | Gimo's","Jacksonville Beach FL coastal roofing experts. Salt-resistant roof replacement & repair for beach homes.","roofing company jacksonville beach fl, beach home roof repair","coastal roofing, salt-resistant roofing",Low - Distinct location,N/A
/roofing-neptune-beach-fl,Location Page,"Roofing Company Neptune Beach FL | Coastal Roof Repair & Replacement | Gimo's","Trusted roofing contractor in Neptune Beach FL. Salt-resistant materials, hurricane-rated installation.","roofing company neptune beach fl, coastal roof repair neptune beach","salt-resistant roofing, hurricane-rated",Low - Distinct location,N/A
/roofing-arlington-fl,Location Page,"Roofing Company Arlington FL | Roof Repair & Replacement | Gimo's Roofing","Trusted roofing contractor in Arlington, Jacksonville FL. Roof repair, replacement & installation.","roofing company arlington fl, roof repair arlington jacksonville","roofing contractor arlington",Low - Distinct neighborhood,N/A
/roofing-callahan-fl,Location Page,"Roofing Company Callahan FL | Nassau County Roof Repair & Replacement | Gimo's Roofing","Trusted roofing contractor in Callahan, Nassau County FL. Roof repair, replacement & installation.","roofing company callahan fl, nassau county roof repair","roofing contractor callahan",Low - Distinct location,N/A
/roofing-fernandina-beach-fl,Location Page,"Roofing Company Fernandina Beach FL | Amelia Island Roof Repair & Replacement | Gimo's Roofing","Coastal roofing experts in Fernandina Beach & Amelia Island FL. Hurricane-resistant roof repair & replacement.","roofing company fernandina beach fl, amelia island roofing","coastal roofing, hurricane-resistant roofing",Low - Distinct location,N/A
/roofing-fleming-island-fl,Location Page,"Roofing Company Fleming Island FL | Premium Roof Replacement Clay County | Gimo's Roofing","Premium roofing contractor in Fleming Island, Clay County FL. HOA-compliant roof repair, replacement & installation.","roofing company fleming island fl, clay county roof replacement","premium roofing, HOA-compliant roofing",Low - Distinct location,N/A
/roofing-fruit-cove-fl,Location Page,"Roofing Company Fruit Cove FL | St. Johns County Roof Repair & Replacement | Gimo's Roofing","Trusted roofing contractor in Fruit Cove, St. Johns County FL. Roof repair, replacement & installation.","roofing company fruit cove fl, st johns county roof repair","roofing contractor fruit cove",Low - Distinct location,N/A
/roofing-green-cove-springs-fl,Location Page,"Roofing Company Green Cove Springs FL | Clay County Roof Repair & Replacement | Gimo's Roofing","Trusted roofing contractor in Green Cove Springs, Clay County FL. Roof repair, replacement & installation.","roofing company green cove springs fl, clay county roofing","roofing contractor green cove springs",Low - Distinct location,N/A
/roofing-julington-creek-fl,Location Page,"Roofing Company Julington Creek FL | Plantation Roof Repair & Replacement | Gimo's Roofing","Trusted roofing contractor in Julington Creek FL. Expert roof repair & replacement for Julington Creek Plantation homes. HOA experienced.","roofing company julington creek fl, julington creek plantation roofing","HOA roofing, plantation roofing",Low - Distinct location,N/A
/roofing-mandarin-fl,Location Page,"Roofing Company Mandarin FL | Jacksonville Roof Repair & Replacement | Gimo's Roofing","Trusted roofing contractor in Mandarin, Jacksonville FL. Roof repair, replacement & installation.","roofing company mandarin fl, mandarin jacksonville roofing","roofing contractor mandarin",Low - Distinct neighborhood,N/A
/roofing-middleburg-fl,Location Page,"Roofing Company Middleburg FL | Roof Repair & Replacement | Gimo's Roofing","Trusted roofing contractor in Middleburg FL. Roof repair & replacement for homes and rural properties.","roofing company middleburg fl, middleburg roof repair","rural property roofing",Low - Distinct location,N/A
/roofing-nocatee-fl,Location Page,"Roofing Company Nocatee FL | Roof Repair & Replacement | Gimo's Roofing","Trusted roofing contractor in Nocatee FL. HOA-compliant roof repair & replacement.","roofing company nocatee fl, nocatee roof repair","HOA-compliant roofing, nocatee roofing",Low - Distinct location,N/A
/roofing-oakleaf-plantation-fl,Location Page,"Roofing Company Oakleaf Plantation FL | Clay County Roof Repair & Replacement | Gimo's Roofing","Looking for a roofing company in Oakleaf Plantation, Clay County FL? Gimo's Roofing provides professional roof repair, replacement & installation.","roofing company oakleaf plantation fl, clay county roofing","oakleaf roofing, plantation roofing",Low - Distinct location,N/A
/roofing-orange-park-fl,Location Page,"Roofing Company Orange Park FL | Roof Repair & Replacement | Gimo's Roofing","Trusted roofing contractor in Orange Park FL. Roof repair, replacement & installation throughout Clay County.","roofing company orange park fl, orange park roof repair","clay county roofing",Low - Distinct location,N/A
/roofing-riverside-fl,Location Page,"Roofing Company Riverside FL | Historic Home Roof Repair & Replacement | Gimo's Roofing","Trusted roofing contractor in Riverside, Jacksonville FL. Historic home roof repair & replacement.","roofing company riverside fl, historic home roof repair","riverside jacksonville roofing, historic roofing",Low - Distinct neighborhood,N/A
/roofing-san-marco-fl,Location Page,"Roofing Company San Marco FL | Tile Roof Repair & Replacement | Gimo's Roofing","Trusted roofing contractor in San Marco, Jacksonville FL. Tile roof specialists. Roof repair & replacement.","roofing company san marco fl, tile roof repair san marco","tile roofing, san marco jacksonville",Low - Distinct neighborhood,N/A
/roofing-southside-jax-fl,Location Page,"Roofing Company Southside Jacksonville FL | Roof Repair & Replacement | Gimo's Roofing","Looking for a roofing company in Southside Jacksonville FL? Gimo's Roofing provides professional roof repair, replacement & commercial roofing.","roofing company southside jacksonville fl, southside jax roofing","commercial roofing southside",Low - Distinct neighborhood,N/A
/roofing-st-augustine-fl,Location Page,"Roofing Company St. Augustine FL | Historic & Coastal Roof Repair | Gimo's Roofing","Trusted roofing contractor in St. Augustine FL. Historic home & coastal roof specialists.","roofing company st augustine fl, historic roof repair st augustine","coastal roofing, historic roofing st augustine",Low - Distinct location,N/A
/roofing-st-johns-fl,Location Page,"Roofing Company St. Johns County FL | Roof Repair & Replacement | Gimo's Roofing","Trusted roofing contractor in St. Johns County FL. Roof repair & replacement throughout St. Johns County's master-planned communities.","roofing company st johns county fl, st johns county roof repair","master-planned community roofing",Medium - Watch overlap with Nocatee/Fruit Cove/Julington Creek,N/A
/roofing-yulee-fl,Location Page,"Roofing Company Yulee FL | Nassau County Roof Repair & Replacement | Gimo's Roofing","Trusted roofing contractor in Yulee FL. Roof repair & replacement throughout Nassau County.","roofing company yulee fl, nassau county roofing","yulee roofing",Medium - Watch overlap with Callahan/Fernandina for Nassau County,N/A
